{
    "Adventure": {
        "Extra": 1.1538461538461537,
        "Comp": 1.330827067669173
    },
    "Action": {
        "Extra": 1.187399030694669,
        "Comp": 1.4285714285714286
    },
    "RPG": {
        "Extra": 1.3225023384259051,
        "Comp": 1.616271210143576
    },
    "Puzzle": {
        "Extra": 1.0711111111111111,
        "Comp": 1.2642487046632123
    },
    "Shooter": {
        "Extra": 1.107554593743852,
        "Comp": 1.1815891916647585
    },
    "Singleplayer": {
        "Extra": 1.3843386293867144,
        "Comp": 1.9395976953655714
    },
    "Simulation": {
        "Extra": 1.155105586741513,
        "Comp": 1.4383885438233266
    },
    "Indie": {
        "Extra": 1.2926829268292683,
        "Comp": 1.6827586206896552
    },
    "First-Person": {
        "Extra": 1.140625,
        "Comp": 1.290322580645161
    },
    "Platform": {
        "Extra": 0.9360851063829787,
        "Comp": 1.0887096774193548
    },
    "Strategy": {
        "Extra": 1.3,
        "Comp": 1.6152073732718895
    },
    "Visual Novel": {
        "Extra": 1.0855263157894737,
        "Comp": 1.4033613445378152
    },
    "Arcade": {
        "Extra": 1.145631067961165,
        "Comp": 1.392857142857143
    },
    "Sports": {
        "Extra": 0.0,
        "Comp": 0.0
    },
    "Horror": {
        "Extra": 1.169064748201439,
        "Comp": 1.4285714285714286
    },
    "Story Rich": {
        "Extra": 1.3235568696505902,
        "Comp": 1.7590354802574684
    },
    "Top-Down": {
        "Extra": 1.078323331514821,
        "Comp": 1.1478065802592223
    },
    "Atmospheric": {
        "Extra": 1.3199999999999998,
        "Comp": 1.7365626827891485
    },
    "Racing": {
        "Extra": 1.0899510325739836,
        "Comp": 1.214459930313589
    },
    "Third-Person": {
        "Extra": 1.18568665377176,
        "Comp": 1.2910798122065728
    },
    "2D": {
        "Extra": 1.3238636363636365,
        "Comp": 1.7241379310344829
    },
    "Multiplayer": {
        "Extra": 1.6261682242990654,
        "Comp": 2.687697160883281
    },
    "Turn-Based": {
        "Extra": 1.3119684712715205,
        "Comp": 1.5445736434108528
    },
    "Driving": {
        "Extra": 1.0087336244541485,
        "Comp": 1.074398249452954
    },
    "Real-Time": {
        "Extra": 0.9828470400899214,
        "Comp": 1.0
    },
    "Side": {
        "Extra": 0.791437728937729,
        "Comp": 1.0197294798812826
    },
    "Strategy/Tactical": {
        "Extra": 0.8721024934218768,
        "Comp": 0.7395833333333333
    },
    "Point-And-Click": {
        "Extra": 0.9333333333333332,
        "Comp": 1.0778761061946904
    },
    "Casual": {
        "Extra": 1.3244263131055583,
        "Comp": 1.8134629540785123
    },
    "Scrolling": {
        "Extra": 0.46974638887039877,
        "Comp": 0.21803382172165187
    },
    "Platformer": {
        "Extra": 1.3118279569892473,
        "Comp": 1.765072765072765
    },
    "Soundtrack": {
        "Extra": 1.4147465437788018,
        "Comp": 2.054054054054054
    },
    "Fighting": {
        "Extra": 1.481012658227848,
        "Comp": 1.840245398773006
    },
    "Exploration": {
        "Extra": 1.3400587165880502,
        "Comp": 1.7326145910375301
    },
    "Fantasy": {
        "Extra": 1.400890868596882,
        "Comp": 1.9403824521934758
    },
    "Great Soundtrack": {
        "Extra": 1.428213393593983,
        "Comp": 2.1191200803899894
    },
    "Open World": {
        "Extra": 1.5248826291079811,
        "Comp": 2.2916363636363637
    },
    "Funny": {
        "Extra": 1.3719772503721155,
        "Comp": 1.98535842908592
    },
    "Colorful": {
        "Extra": 1.3282442748091603,
        "Comp": 1.7635933806146573
    },
    "3D": {
        "Extra": 1.3696369636963697,
        "Comp": 1.8659517426273458
    },
    "Co-op": {
        "Extra": 1.5970481663550968,
        "Comp": 2.6399638802889576
    },
    "Female Protagonist": {
        "Extra": 1.3402985074626868,
        "Comp": 1.8313155770782892
    },
    "Survival": {
        "Extra": 1.28628343767786,
        "Comp": 1.7530521775425898
    },
    "Cute": {
        "Extra": 1.353211009174312,
        "Comp": 1.8771929824561402
    },
    "Pixel Graphics": {
        "Extra": 1.3243243243243243,
        "Comp": 1.8320950965824667
    },
    "Sci-Fi": {
        "Extra": 1.3397172196547364,
        "Comp": 1.8247391263227584
    },
    "Dark": {
        "Extra": 1.3258190432706343,
        "Comp": 1.7834096109839819
    },
    "Combat": {
        "Extra": 1.418552036199095,
        "Comp": 1.9664299548095545
    },
    "Hidden Object": {
        "Extra": 0.8456375838926175,
        "Comp": 1.1538461538461537
    },
    "Difficult": {
        "Extra": 1.4516129032258065,
        "Comp": 2.1408792810298762
    }
}